Session ID (Optional),Session Name (Optional),Link To Session ID (Optional),Link To Session Name (Optional),Link To Custom List Item ID (Optional),Link To Custom List Item Name (Optional),Link To Form Name (Optional),Link To URLs (Optional),URL Names (Optional)
,32,,33,,,,,
,32,,33,,,,,
,32,,33,,,,,
,32,,37,,,,,
,32,,37,,,,,
,32,,40,,,,,
,32,,40,,,,,
,32,,40,,,,,
,32,,40,,,,,
,32,,45,,,,,
,32,,45,,,,,
,32,,48,,,,,
,32,,48,,,,,
,32,,48,,,,,
,32,,48,,,,,
,32,,48,,,,,
,32,,48,,,,,
,32,,48,,,,,
,32,,48,,,,,
,32,,48,,,,,
,58,,59,,,,,
,58,,59,,,,,
,58,,59,,,,,
,58,,59,,,,,
,58,,59,,,,,
,58,,59,,,,,
,58,,66,,,,,
,58,,66,,,,,
,58,,66,,,,,
,58,,66,,,,,
,58,,66,,,,,
,58,,66,,,,,
,58,,66,,,,,
,58,,74,,,,,
,58,,74,,,,,
,58,,74,,,,,
,58,,74,,,,,
,58,,74,,,,,
,58,,80,,,,,
,58,,80,,,,,
,58,,80,,,,,
,58,,80,,,,,
,58,,85,,,,,
,58,,85,,,,,
,88,,89,,,,,
,88,,89,,,,,
,88,,89,,,,,
,88,,93,,,,,
,88,,93,,,,,
,88,,96,,,,,
,88,,96,,,,,
,88,,96,,,,,
,88,,96,,,,,
,88,,96,,,,,
,88,,102,,,,,
,88,,102,,,,,
,88,,102,,,,,
,88,,102,,,,,
,88,,107,,,,,
,88,,107,,,,,
,88,,107,,,,,
,88,,107,,,,,
,88,,107,,,,,
,113,,114,,,,,
,113,,114,,,,,
,113,,114,,,,,
,113,,114,,,,,
,113,,114,,,,,
,113,,120,,,,,
,113,,120,,,,,
,113,,120,,,,,
,113,,120,,,,,
,113,,120,,,,,
,113,,126,,,,,
,113,,126,,,,,
,113,,129,,,,,
,113,,129,,,,,
,113,,132,,,,,
,113,,132,,,,,
,113,,132,,,,,
,113,,132,,,,,
,137,,138,,,,,
,137,,138,,,,,
,137,,138,,,,,
,137,,138,,,,,
,137,,138,,,,,
,137,,138,,,,,
,137,,138,,,,,
,137,,146,,,,,
,137,,146,,,,,
,137,,149,,,,,
,137,,149,,,,,
,137,,149,,,,,
,137,,149,,,,,
,137,,149,,,,,
,137,,155,,,,,
,137,,155,,,,,
,137,,158,,,,,
,137,,158,,,,,
,137,,161,,,,,
,137,,161,,,,,
,137,,161,,,,,
,137,,161,,,,,
,137,,161,,,,,
,137,,167,,,,,
,137,,167,,,,,
,137,,167,,,,,
,137,,167,,,,,
,137,,172,,,,,
,137,,172,,,,,
,137,,172,,,,,
,137,,172,,,,,
,137,,176,,,,,
,137,,176,,,,,
,137,,176,,,,,
,137,,176,,,,,
,137,,176,,,,,
,137,,178,,,,,
,137,,178,,,,,
,137,,178,,,,,
,137,,178,,,,,
,137,,178,,,,,
,137,,178,,,,,
,137,,185,,,,,
,137,,185,,,,,
,137,,185,,,,,
,137,,185,,,,,
,137,,185,,,,,
,137,,191,,,,,
,137,,191,,,,,
,137,,191,,,,,
,137,,191,,,,,
,137,,196,,,,,
,137,,196,,,,,
,137,,196,,,,,
,137,,196,,,,,
,137,,196,,,,,
,137,,196,,,,,
,137,,202,,,,,
,137,,202,,,,,
,137,,202,,,,,
,137,,202,,,,,
,137,,202,,,,,
,137,,208,,,,,
,137,,208,,,,,
,137,,208,,,,,
,137,,208,,,,,
,137,,212,,,,,
,137,,212,,,,,
,137,,212,,,,,
,137,,212,,,,,
,137,,212,,,,,
,137,,216,,,,,
,137,,216,,,,,
,137,,216,,,,,
,137,,220,,,,,
,137,,220,,,,,
,137,,220,,,,,
,137,,220,,,,,
,137,,220,,,,,
,137,,220,,,,,
,137,,220,,,,,
,137,,228,,,,,
,137,,228,,,,,
,137,,228,,,,,
,137,,228,,,,,
,137,,232,,,,,
,137,,232,,,,,
,137,,235,,,,,
,137,,235,,,,,
,137,,235,,,,,
,137,,235,,,,,
,137,,235,,,,,
,137,,235,,,,,
,137,,235,,,,,
,137,,243,,,,,
,137,,243,,,,,
,137,,243,,,,,
,137,,243,,,,,
,137,,248,,,,,
,137,,248,,,,,
,137,,251,,,,,
,137,,251,,,,,
,137,,251,,,,,
,137,,255,,,,,
,137,,255,,,,,
,137,,255,,,,,
,137,,255,,,,,
,137,,260,,,,,
,137,,260,,,,,
,137,,260,,,,,
,137,,263,,,,,
,137,,265,,,,,
,137,,265,,,,,
,137,,265,,,,,
,137,,265,,,,,
,137,,270,,,,,
,137,,270,,,,,
,137,,270,,,,,
,137,,270,,,,,
,137,,270,,,,,
,137,,270,,,,,
,137,,270,,,,,
,137,,276,,,,,
,137,,276,,,,,
,137,,278,,,,,
,137,,278,,,,,
,137,,278,,,,,
,137,,282,,,,,
,137,,282,,,,,
,286,,287,,,,,
,286,,287,,,,,
,286,,290,,,,,
,286,,290,,,,,
,286,,290,,,,,
,286,,290,,,,,
,286,,290,,,,,
,286,,296,,,,,
,286,,296,,,,,
,286,,296,,,,,
,286,,296,,,,,
,286,,296,,,,,
,286,,302,,,,,
,286,,302,,,,,
,286,,302,,,,,
,286,,302,,,,,
,286,,307,,,,,
,286,,307,,,,,
,310,,311,,,,,
,310,,311,,,,,
,310,,311,,,,,
,310,,313,,,,,
,310,,313,,,,,
,310,,313,,,,,
,310,,313,,,,,
,310,,318,,,,,
,310,,318,,,,,
,310,,321,,,,,
,310,,321,,,,,
,310,,321,,,,,
,310,,325,,,,,
,310,,325,,,,,
,310,,325,,,,,
,310,,325,,,,,
,328,,329,,,,,
,328,,329,,,,,
,328,,332,,,,,
,328,,332,,,,,
,328,,332,,,,,
,328,,336,,,,,
,328,,336,,,,,
,328,,336,,,,,
,328,,340,,,,,
,328,,340,,,,,
,328,,340,,,,,
,328,,340,,,,,
,328,,345,,,,,
,328,,345,,,,,
,328,,345,,,,,
,349,,350,,,,,
,349,,350,,,,,
,349,,350,,,,,
,349,,350,,,,,
,349,,355,,,,,
,349,,355,,,,,
,349,,355,,,,,
,349,,359,,,,,
,349,,359,,,,,
,349,,359,,,,,
,349,,363,,,,,
,349,,363,,,,,
,349,,363,,,,,
,349,,363,,,,,
,349,,368,,,,,
,349,,368,,,,,
,370,,371,,,,,
,370,,371,,,,,
,370,,374,,,,,
,370,,374,,,,,
,370,,374,,,,,
,370,,374,,,,,
,370,,374,,,,,
,370,,374,,,,,
,370,,374,,,,,
,370,,381,,,,,
,370,,381,,,,,
,370,,384,,,,,
,370,,384,,,,,
,370,,384,,,,,
,370,,384,,,,,
,370,,384,,,,,
,370,,384,,,,,
,370,,391,,,,,
,370,,391,,,,,
,370,,391,,,,,
,370,,391,,,,,
,370,,391,,,,,
,370,,396,,,,,
,370,,396,,,,,
,370,,396,,,,,
,370,,400,,,,,
,370,,400,,,,,
,370,,400,,,,,
,370,,400,,,,,
,370,,405,,,,,
,370,,405,,,,,
,370,,405,,,,,
,370,,405,,,,,
,370,,405,,,,,
,370,,405,,,,,
,370,,405,,,,,
,370,,405,,,,,
,370,,405,,,,,
,370,,405,,,,,
,370,,416,,,,,
,370,,416,,,,,
,370,,416,,,,,
,370,,416,,,,,
,370,,416,,,,,
,370,,416,,,,,
,370,,422,,,,,
,370,,422,,,,,
,370,,422,,,,,
,370,,422,,,,,
,370,,422,,,,,
,370,,425,,,,,
,370,,425,,,,,
,370,,425,,,,,
,370,,429,,,,,
,370,,429,,,,,
,370,,432,,,,,
,370,,432,,,,,
,370,,432,,,,,
,370,,432,,,,,
,370,,437,,,,,
,370,,437,,,,,
,370,,437,,,,,
,370,,441,,,,,
,370,,441,,,,,
,370,,441,,,,,
,370,,441,,,,,
,370,,446,,,,,
,370,,446,,,,,
,370,,449,,,,,
,370,,449,,,,,
,370,,449,,,,,
,370,,449,,,,,
,370,,449,,,,,
,370,,449,,,,,
,370,,449,,,,,
,370,,457,,,,,
,370,,457,,,,,
,370,,457,,,,,
,370,,457,,,,,
,370,,462,,,,,
,370,,462,,,,,
,370,,462,,,,,
,370,,466,,,,,
,370,,466,,,,,
,370,,466,,,,,
,370,,466,,,,,
,370,,471,,,,,
,370,,471,,,,,
,370,,472,,,,,
,370,,472,,,,,
,370,,475,,,,,
,370,,475,,,,,
,370,,475,,,,,
,370,,479,,,,,
,370,,479,,,,,
,370,,479,,,,,
,370,,479,,,,,
,370,,484,,,,,
,370,,484,,,,,
,370,,484,,,,,
,370,,484,,,,,
,370,,484,,,,,
,370,,490,,,,,
,370,,490,,,,,
,370,,490,,,,,
,370,,494,,,,,
,370,,494,,,,,
,370,,494,,,,,
,370,,498,,,,,
,370,,498,,,,,
,370,,498,,,,,
,370,,502,,,,,
,370,,502,,,,,
,370,,502,,,,,
,507,,508,,,,,
,507,,508,,,,,
,507,,508,,,,,
,507,,508,,,,,
,507,,512,,,,,
,507,,512,,,,,
,507,,512,,,,,
,507,,516,,,,,
,507,,516,,,,,
,507,,516,,,,,
,507,,519,,,,,
,507,,519,,,,,
,507,,521,,,,,
,507,,521,,,,,
,507,,521,,,,,
,525,,526,,,,,
,525,,526,,,,,
,525,,527,,,,,
,525,,527,,,,,
,525,,530,,,,,
,525,,530,,,,,
,525,,530,,,,,
,525,,534,,,,,
,525,,534,,,,,
,525,,534,,,,,
,525,,537,,,,,
,539,,540,,,,,
,539,,540,,,,,
,539,,540,,,,,
,539,,540,,,,,
,539,,540,,,,,
,539,,540,,,,,
,539,,546,,,,,
,539,,546,,,,,
,539,,546,,,,,
,539,,546,,,,,
,539,,546,,,,,
,539,,546,,,,,
,539,,552,,,,,
,539,,552,,,,,
,539,,552,,,,,
,539,,552,,,,,
,539,,552,,,,,
,539,,554,,,,,
,539,,554,,,,,
,539,,557,,,,,
,539,,557,,,,,
,539,,557,,,,,
,539,,557,,,,,
,539,,557,,,,,
,561,,562,,,,,
,561,,562,,,,,
,561,,565,,,,,
,561,,565,,,,,
,561,,565,,,,,
,561,,568,,,,,
,561,,568,,,,,
,561,,568,,,,,
,561,,572,,,,,
,561,,572,,,,,
,561,,572,,,,,
,561,,572,,,,,
,561,,577,,,,,
,561,,577,,,,,
,580,,581,,,,,
,580,,581,,,,,
,580,,581,,,,,
,580,,581,,,,,
,580,,581,,,,,
,580,,581,,,,,
,580,,588,,,,,
,580,,588,,,,,
,580,,588,,,,,
,580,,588,,,,,
,580,,588,,,,,
,580,,591,,,,,
,580,,591,,,,,
,580,,591,,,,,
,580,,595,,,,,
,580,,595,,,,,
,580,,595,,,,,
,580,,595,,,,,
,580,,600,,,,,
,580,,600,,,,,
,580,,600,,,,,
,580,,600,,,,,
,580,,603,,,,,
,580,,603,,,,,
,580,,603,,,,,
,580,,603,,,,,
,580,,603,,,,,
,580,,603,,,,,
,580,,603,,,,,
,580,,608,,,,,
,580,,608,,,,,
,580,,611,,,,,
,580,,611,,,,,
,580,,611,,,,,
,580,,611,,,,,
,580,,616,,,,,
,580,,616,,,,,
,580,,616,,,,,
,580,,616,,,,,
,580,,616,,,,,
,580,,622,,,,,
,580,,622,,,,,
,580,,622,,,,,
,580,,625,,,,,
,580,,625,,,,,
,580,,625,,,,,
,580,,628,,,,,
,580,,628,,,,,
,580,,628,,,,,
,580,,628,,,,,
,580,,628,,,,,
,580,,634,,,,,
,580,,634,,,,,
,580,,634,,,,,
,580,,634,,,,,
,580,,634,,,,,
,580,,640,,,,,
,580,,640,,,,,
,580,,642,,,,,
,580,,642,,,,,
,580,,642,,,,,
,580,,646,,,,,
,580,,646,,,,,
,580,,649,,,,,
,580,,649,,,,,
,580,,652,,,,,
,580,,652,,,,,
,580,,652,,,,,
,580,,652,,,,,
,580,,652,,,,,
,580,,658,,,,,
,580,,658,,,,,
,580,,658,,,,,
,580,,658,,,,,
,580,,661,,,,,
,580,,661,,,,,
,580,,661,,,,,
,580,,661,,,,,
,580,,666,,,,,
,580,,666,,,,,
,580,,669,,,,,
,580,,669,,,,,
,580,,669,,,,,
,580,,673,,,,,
,580,,673,,,,,
,580,,673,,,,,
,580,,673,,,,,
,580,,677,,,,,
,580,,677,,,,,
,580,,677,,,,,
,580,,681,,,,,
,580,,681,,,,,
,580,,681,,,,,
,580,,681,,,,,
,580,,681,,,,,
,580,,681,,,,,
,580,,688,,,,,
,580,,688,,,,,
,580,,688,,,,,
,580,,688,,,,,
,580,,688,,,,,
,580,,688,,,,,
,580,,695,,,,,
,580,,697,,,,,
,580,,697,,,,,
,580,,699,,,,,
,580,,699,,,,,
,580,,699,,,,,
,580,,699,,,,,
,580,,699,,,,,
,580,,699,,,,,
,704,,705,,,,,
,704,,705,,,,,
,704,,705,,,,,
,704,,708,,,,,
,704,,708,,,,,
,704,,708,,,,,
,704,,708,,,,,
,704,,713,,,,,
,704,,713,,,,,
,704,,716,,,,,
,704,,716,,,,,
,704,,716,,,,,
,704,,716,,,,,
,704,,719,,,,,
,704,,719,,,,,
,704,,719,,,,,
,704,,719,,,,,
,704,,719,,,,,
,704,,719,,,,,
,726,,727,,,,,
,726,,727,,,,,
,726,,727,,,,,
,726,,727,,,,,
,726,,732,,,,,
,726,,732,,,,,
,726,,735,,,,,
,726,,735,,,,,
,726,,735,,,,,
,726,,738,,,,,
,726,,738,,,,,
,726,,738,,,,,
,726,,738,,,,,
,726,,738,,,,,
,726,,744,,,,,
,726,,744,,,,,
,726,,744,,,,,
,726,,744,,,,,
,726,,744,,,,,
,747,,748,,,,,
,747,,748,,,,,
,747,,751,,,,,
,747,,751,,,,,
,747,,751,,,,,
,747,,754,,,,,
,747,,754,,,,,
,747,,757,,,,,
,747,,757,,,,,
,747,,759,,,,,
,747,,759,,,,,
,762,,763,,,,,
,762,,763,,,,,
,762,,763,,,,,
,762,,763,,,,,
,762,,763,,,,,
,762,,769,,,,,
,762,,769,,,,,
,762,,769,,,,,
,762,,773,,,,,
,762,,773,,,,,
,762,,773,,,,,
,762,,773,,,,,
,762,,778,,,,,
,762,,778,,,,,
,762,,778,,,,,
,762,,778,,,,,
,762,,782,,,,,
,762,,782,,,,,
,762,,782,,,,,
,762,,782,,,,,
,762,,782,,,,,
,762,,782,,,,,
,789,,790,,,,,
,789,,790,,,,,
,789,,790,,,,,
,789,,790,,,,,
,789,,795,,,,,
,789,,795,,,,,
,789,,795,,,,,
,789,,795,,,,,
,789,,795,,,,,
,789,,795,,,,,
,789,,802,,,,,
,789,,802,,,,,
,789,,802,,,,,
,789,,806,,,,,
,789,,806,,,,,
,789,,809,,,,,
,789,,809,,,,,
,789,,809,,,,,
,789,,811,,,,,
,789,,811,,,,,
,789,,814,,,,,
,789,,814,,,,,
,789,,814,,,,,
,789,,814,,,,,
,789,,818,,,,,
,789,,818,,,,,
,789,,818,,,,,
,789,,821,,,,,
,789,,821,,,,,
,789,,821,,,,,
,789,,821,,,,,
,789,,821,,,,,
,789,,827,,,,,
,789,,827,,,,,
,789,,827,,,,,
,789,,831,,,,,
,789,,831,,,,,
,789,,831,,,,,
,789,,831,,,,,
,789,,834,,,,,
,789,,834,,,,,
,789,,834,,,,,
,789,,834,,,,,
,789,,839,,,,,
,789,,839,,,,,
,789,,842,,,,,
,789,,842,,,,,
,789,,845,,,,,
,789,,845,,,,,
,789,,845,,,,,
,789,,845,,,,,
,789,,845,,,,,
,789,,850,,,,,
,789,,850,,,,,
,789,,850,,,,,
,789,,850,,,,,
,789,,850,,,,,
,789,,850,,,,,
,789,,856,,,,,
,789,,856,,,,,
,789,,856,,,,,
,789,,858,,,,,
,789,,858,,,,,
,789,,858,,,,,
,789,,862,,,,,
,789,,862,,,,,
,789,,862,,,,,
,789,,862,,,,,
,789,,862,,,,,
,789,,867,,,,,
,789,,867,,,,,
,789,,870,,,,,
,789,,870,,,,,
,789,,870,,,,,
,789,,870,,,,,
,789,,870,,,,,
,789,,870,,,,,
,789,,870,,,,,
,789,,870,,,,,
,789,,870,,,,,
,789,,879,,,,,
,789,,879,,,,,
,789,,879,,,,,
,789,,879,,,,,
,789,,879,,,,,
,789,,879,,,,,
,789,,879,,,,,
,789,,879,,,,,
,789,,886,,,,,
,789,,886,,,,,
,789,,889,,,,,
,789,,889,,,,,
,789,,889,,,,,
,789,,893,,,,,
,789,,893,,,,,
,789,,893,,,,,
,789,,893,,,,,
,789,,897,,,,,
,789,,897,,,,,
,789,,897,,,,,
,789,,897,,,,,
,789,,897,,,,,
,789,,897,,,,,
,789,,897,,,,,
,789,,904,,,,,
,789,,904,,,,,
,789,,904,,,,,
,789,,904,,,,,
,789,,904,,,,,
,789,,907,,,,,
,789,,907,,,,,
,789,,907,,,,,
,789,,910,,,,,
,789,,910,,,,,
,789,,910,,,,,
,789,,913,,,,,
,789,,913,,,,,
,789,,913,,,,,
,789,,913,,,,,
,789,,916,,,,,
,789,,916,,,,,
,789,,918,,,,,
,789,,918,,,,,
,789,,919,,,,,
,789,,919,,,,,
,789,,919,,,,,
,789,,919,,,,,
,789,,919,,,,,
,789,,919,,,,,
,789,,926,,,,,
,789,,926,,,,,
,789,,926,,,,,
,789,,926,,,,,
,789,,931,,,,,
,789,,931,,,,,
,789,,931,,,,,
,789,,931,,,,,
,789,,931,,,,,
,789,,931,,,,,
,789,,931,,,,,
,789,,931,,,,,
,789,,931,,,,,
,789,,931,,,,,
,789,,931,,,,,
,789,,931,,,,,
,944,,945,,,,,
,944,,945,,,,,
,944,,948,,,,,
,944,,948,,,,,
,944,,948,,,,,
,944,,952,,,,,
,944,,952,,,,,
,944,,955,,,,,
,944,,955,,,,,
,944,,955,,,,,
,944,,955,,,,,
,944,,955,,,,,
,944,,958,,,,,
,944,,958,,,,,
,944,,958,,,,,
,944,,958,,,,,
,944,,958,,,,,
,964,,965,,,,,
,964,,965,,,,,
,964,,965,,,,,
,964,,969,,,,,
,964,,969,,,,,
,964,,969,,,,,
,964,,969,,,,,
,964,,974,,,,,
,964,,974,,,,,
,964,,974,,,,,
,964,,975,,,,,
,964,,975,,,,,
,964,,975,,,,,
,964,,975,,,,,
,964,,980,,,,,
,964,,980,,,,,
,964,,980,,,,,
,983,,984,,,,,
,983,,984,,,,,
,983,,984,,,,,
,983,,984,,,,,
,983,,989,,,,,
,983,,989,,,,,
,983,,989,,,,,
,983,,989,,,,,
,983,,992,,,,,
,983,,992,,,,,
,983,,992,,,,,
,983,,996,,,,,
,983,,996,,,,,
,983,,999,,,,,
,983,,999,,,,,
,983,,999,,,,,
,1002,,1003,,,,,
,1002,,1003,,,,,
,1002,,1006,,,,,
,1002,,1006,,,,,
,1002,,1009,,,,,
,1002,,1009,,,,,
,1002,,1009,,,,,
,1002,,1009,,,,,
,1002,,1012,,,,,
,1002,,1012,,,,,
,1002,,1012,,,,,
,1002,,1012,,,,,
,1002,,1016,,,,,
,1002,,1016,,,,,
,1002,,1016,,,,,
,1002,,1016,,,,,
,1002,,1016,,,,,
,1002,,1016,,,,,
,1022,,1023,,,,,
,1022,,1023,,,,,
,1022,,1023,,,,,
,1022,,1024,,,,,
,1022,,1024,,,,,
,1022,,1024,,,,,
,1022,,1024,,,,,
,1022,,1026,,,,,
,1022,,1026,,,,,
,1022,,1026,,,,,
,1022,,1026,,,,,
,1022,,1026,,,,,
,1022,,1029,,,,,
,1022,,1029,,,,,
,1022,,1029,,,,,
,1022,,1029,,,,,
,1022,,1034,,,,,
,1022,,1036,,,,,
,1022,,1036,,,,,
,1022,,1036,,,,,
,1022,,1036,,,,,
,1022,,1036,,,,,
,1022,,1041,,,,,
,1022,,1041,,,,,
,1022,,1043,,,,,
,1022,,1043,,,,,
,1022,,1043,,,,,
,1022,,1043,,,,,
,1022,,1048,,,,,
,1022,,1048,,,,,
,1022,,1048,,,,,
,1022,,1048,,,,,
,1022,,1053,,,,,
,1022,,1053,,,,,
,1022,,1053,,,,,
,1022,,1053,,,,,
,1022,,1053,,,,,
,1022,,1059,,,,,
,1022,,1059,,,,,
,1022,,1059,,,,,
,1022,,1059,,,,,
,1022,,1059,,,,,
,1022,,1059,,,,,
,1022,,1061,,,,,
,1022,,1061,,,,,
,1022,,1061,,,,,
,1022,,1061,,,,,
,1022,,1065,,,,,
,1022,,1065,,,,,
,1022,,1065,,,,,
,1022,,1065,,,,,
,1022,,1065,,,,,
,1022,,1065,,,,,
,1022,,1065,,,,,
,1022,,1071,,,,,
,1022,,1071,,,,,
,1022,,1071,,,,,
,1022,,1071,,,,,
,1022,,1071,,,,,
,1022,,1071,,,,,
,1022,,1071,,,,,
,1022,,1071,,,,,
,1022,,1080,,,,,
,1022,,1080,,,,,
,1022,,1080,,,,,
,1022,,1084,,,,,
,1022,,1084,,,,,
,1022,,1084,,,,,
,1022,,1084,,,,,
,1022,,1084,,,,,
,1022,,1084,,,,,
,1022,,1090,,,,,
,1022,,1090,,,,,
,1022,,1090,,,,,
,1022,,1094,,,,,
,1022,,1094,,,,,
,1022,,1094,,,,,
,1022,,1094,,,,,
,1022,,1094,,,,,
,1022,,1097,,,,,
,1022,,1097,,,,,
,1022,,1097,,,,,
,1022,,1098,,,,,
,1022,,1098,,,,,
,1022,,1100,,,,,
,1022,,1100,,,,,
,1022,,1102,,,,,
,1022,,1102,,,,,
,1022,,1102,,,,,
,1022,,1102,,,,,
,1022,,1102,,,,,
,1022,,1102,,,,,
,1022,,1102,,,,,
,1022,,1102,,,,,
,1022,,1106,,,,,
,1022,,1106,,,,,
,1022,,1106,,,,,
,1022,,1106,,,,,
,1022,,1111,,,,,
,1022,,1111,,,,,
,1022,,1111,,,,,
,1022,,1111,,,,,
,1022,,1116,,,,,
,1022,,1116,,,,,
,1022,,1116,,,,,
,1022,,1119,,,,,
,1022,,1119,,,,,
,1022,,1119,,,,,
,1022,,1119,,,,,
,1022,,1124,,,,,
,1022,,1124,,,,,
,1022,,1124,,,,,
,1022,,1124,,,,,
,1022,,1128,,,,,
,1022,,1128,,,,,
,1022,,1128,,,,,
,1022,,1128,,,,,
,1022,,1128,,,,,
,1022,,1131,,,,,
,1022,,1131,,,,,
,1022,,1131,,,,,
,1022,,1131,,,,,
,1022,,1131,,,,,
,1022,,1131,,,,,
,1022,,1131,,,,,
,1022,,1131,,,,,
,1022,,1137,,,,,
,1022,,1137,,,,,
,1022,,1137,,,,,
,1022,,1137,,,,,
,1022,,1137,,,,,
,1022,,1137,,,,,
,1022,,1137,,,,,
,1022,,1145,,,,,
,1022,,1145,,,,,
,1022,,1145,,,,,
,1022,,1145,,,,,
,1022,,1145,,,,,
,1022,,1145,,,,,
,1022,,1150,,,,,
,1022,,1150,,,,,
,1022,,1153,,,,,
,1022,,1153,,,,,
,1022,,1153,,,,,
,1022,,1153,,,,,
,1022,,1153,,,,,
,1022,,1157,,,,,
,1022,,1157,,,,,
,1022,,1157,,,,,
,1022,,1157,,,,,
,1022,,1157,,,,,
,1022,,1163,,,,,
,1022,,1163,,,,,
,1022,,1163,,,,,
,1022,,1163,,,,,
,1022,,1163,,,,,
,1022,,1168,,,,,
,1022,,1168,,,,,
,1022,,1168,,,,,
,1022,,1168,,,,,
,1022,,1168,,,,,
,1022,,1168,,,,,
,1022,,1168,,,,,
,1022,,1170,,,,,
,1022,,1170,,,,,
,1022,,1173,,,,,
,1022,,1173,,,,,
,1022,,1173,,,,,
,1022,,1173,,,,,
,1022,,1173,,,,,
,1022,,1173,,,,,
,1022,,1173,,,,,
,1022,,1173,,,,,
,1022,,1173,,,,,
,1022,,1173,,,,,
,1022,,1173,,,,,
,1022,,1173,,,,,
,1022,,1173,,,,,
,1022,,1187,,,,,
,1022,,1187,,,,,
,1190,,1191,,,,,
,1190,,1191,,,,,
,1190,,1194,,,,,
,1190,,1194,,,,,
,1190,,1194,,,,,
,1190,,1194,,,,,
,1190,,1194,,,,,
,1190,,1194,,,,,
,1190,,1201,,,,,
,1190,,1201,,,,,
,1190,,1201,,,,,
,1190,,1201,,,,,
,1190,,1201,,,,,
,1190,,1205,,,,,
,1190,,1205,,,,,
,1190,,1205,,,,,
,1190,,1205,,,,,
,1190,,1210,,,,,
,1190,,1210,,,,,
,1190,,1210,,,,,
,1190,,1210,,,,,
,1213,,1214,,,,,
,1213,,1214,,,,,
,1213,,1214,,,,,
,1213,,1214,,,,,
,1213,,1217,,,,,
,1213,,1217,,,,,
,1213,,1217,,,,,
,1213,,1217,,,,,
,1213,,1221,,,,,
,1213,,1221,,,,,
,1213,,1221,,,,,
,1213,,1221,,,,,
,1213,,1221,,,,,
,1213,,1221,,,,,
,1213,,1221,,,,,
,1213,,1226,,,,,
,1213,,1226,,,,,
,1213,,1226,,,,,
,1213,,1226,,,,,
,1213,,1230,,,,,
,1213,,1230,,,,,
,1213,,1230,,,,,
,1213,,1230,,,,,
,1213,,1230,,,,,
,1236,,1237,,,,,
,1236,,1237,,,,,
,1236,,1237,,,,,
,1236,,1237,,,,,
,1236,,1237,,,,,
,1236,,1237,,,,,
,1236,,1237,,,,,
,1236,,1237,,,,,
,1236,,1246,,,,,
,1236,,1246,,,,,
,1236,,1247,,,,,
,1236,,1247,,,,,
,1236,,1247,,,,,
,1236,,1247,,,,,
,1236,,1247,,,,,
,1236,,1251,,,,,
,1236,,1251,,,,,
,1236,,1253,,,,,
,1236,,1253,,,,,
,1236,,1253,,,,,
,1236,,1253,,,,,
,1257,,1258,,,,,
,1257,,1258,,,,,
,1257,,1258,,,,,
,1257,,1261,,,,,
,1257,,1261,,,,,
,1257,,1261,,,,,
,1257,,1261,,,,,
,1257,,1266,,,,,
,1257,,1266,,,,,
,1257,,1266,,,,,
,1257,,1266,,,,,
,1257,,1266,,,,,
,1257,,1266,,,,,
,1257,,1266,,,,,
,1257,,1273,,,,,
,1257,,1273,,,,,
,1257,,1273,,,,,
,1257,,1274,,,,,
,1257,,1274,,,,,
,1257,,1274,,,,,
,1257,,1274,,,,,
,1257,,1274,,,,,
,1257,,1274,,,,,
,1257,,1274,,,,,
,1257,,1274,,,,,
,1278,,1279,,,,,
,1278,,1279,,,,,
,1278,,1282,,,,,
,1278,,1282,,,,,
,1278,,1282,,,,,
,1278,,1286,,,,,
,1278,,1286,,,,,
,1278,,1286,,,,,
,1278,,1286,,,,,
,1278,,1286,,,,,
,1278,,1286,,,,,
,1278,,1286,,,,,
,1278,,1286,,,,,
,1278,,1286,,,,,
,1278,,1286,,,,,
,1278,,1296,,,,,
,1278,,1296,,,,,
,1278,,1296,,,,,
,1278,,1296,,,,,
,1278,,1296,,,,,
,1278,,1302,,,,,
,1278,,1302,,,,,
,1278,,1302,,,,,
,1278,,1302,,,,,
,1278,,1302,,,,,
,1278,,1302,,,,,
,1278,,1302,,,,,
,1278,,1308,,,,,
,1278,,1308,,,,,
,1278,,1308,,,,,
,1278,,1308,,,,,
,1278,,1308,,,,,
,1278,,1308,,,,,
,1278,,1308,,,,,
,1278,,1316,,,,,
,1278,,1316,,,,,
,1278,,1316,,,,,
,1278,,1316,,,,,
,1278,,1321,,,,,
,1278,,1321,,,,,
,1278,,1321,,,,,
,1278,,1325,,,,,
,1278,,1325,,,,,
,1278,,1325,,,,,
,1278,,1325,,,,,
,1278,,1330,,,,,
,1278,,1330,,,,,
,1278,,1330,,,,,
,1278,,1330,,,,,
,1278,,1330,,,,,
,1278,,1336,,,,,
,1278,,1336,,,,,
,1278,,1339,,,,,
,1278,,1339,,,,,
,1278,,1342,,,,,
,1278,,1342,,,,,
,1278,,1342,,,,,
,1278,,1342,,,,,
,1278,,1347,,,,,
,1278,,1347,,,,,
,1278,,1347,,,,,
,1278,,1351,,,,,
,1278,,1351,,,,,
,1278,,1351,,,,,
,1278,,1351,,,,,
,1278,,1351,,,,,
,1278,,1357,,,,,
,1278,,1357,,,,,
,1278,,1357,,,,,
,1278,,1357,,,,,
,1278,,1357,,,,,
,1278,,1357,,,,,
,1278,,1357,,,,,
,1278,,1365,,,,,
,1278,,1365,,,,,
,1278,,1365,,,,,
,1278,,1365,,,,,
,1278,,1365,,,,,
,1278,,1365,,,,,
,1278,,1371,,,,,
,1278,,1371,,,,,
,1278,,1374,,,,,
,1278,,1374,,,,,
,1278,,1374,,,,,
,1278,,1374,,,,,
,1278,,1374,,,,,
,1278,,1380,,,,,
,1278,,1380,,,,,
,1278,,1382,,,,,
,1278,,1382,,,,,
,1278,,1382,,,,,
,1278,,1382,,,,,
,1278,,1386,,,,,
,1278,,1386,,,,,
,1278,,1386,,,,,
,1278,,1386,,,,,
,1278,,1386,,,,,
,1278,,1391,,,,,
,1278,,1391,,,,,
,1278,,1393,,,,,
,1278,,1393,,,,,
,1278,,1394,,,,,
,1278,,1394,,,,,
,1278,,1394,,,,,
,1278,,1398,,,,,
,1278,,1398,,,,,
,1278,,1398,,,,,
,1278,,1398,,,,,
,1278,,1403,,,,,
,1278,,1403,,,,,
,1278,,1406,,,,,
,1278,,1406,,,,,
,1278,,1406,,,,,
,1278,,1410,,,,,
,1278,,1410,,,,,
,1278,,1410,,,,,
,1415,,1416,,,,,
,1415,,1416,,,,,
,1415,,1416,,,,,
,1415,,1416,,,,,
,1415,,1421,,,,,
,1415,,1421,,,,,
,1415,,1421,,,,,
,1415,,1421,,,,,
,1415,,1421,,,,,
,1415,,1421,,,,,
,1415,,1427,,,,,
,1415,,1427,,,,,
,1415,,1427,,,,,
,1415,,1427,,,,,
,1415,,1432,,,,,
,1415,,1432,,,,,
,1415,,1432,,,,,
,1415,,1432,,,,,
,1415,,1437,,,,,
,1415,,1437,,,,,
,1415,,1437,,,,,
,1415,,1437,,,,,
,1415,,1437,,,,,
,1442,,1443,,,,,
,1442,,1445,,,,,
,1442,,1445,,,,,
,1442,,1445,,,,,
,1442,,1448,,,,,
,1442,,1448,,,,,
,1442,,1450,,,,,
,1442,,1450,,,,,
,1442,,1453,,,,,
,1442,,1453,,,,,
,1442,,1453,,,,,
,1442,,1453,,,,,
,1442,,1453,,,,,
,1442,,1453,,,,,
,1460,,1461,,,,,
,1460,,1461,,,,,
,1460,,1461,,,,,
,1460,,1461,,,,,
,1460,,1465,,,,,
,1460,,1465,,,,,
,1460,,1465,,,,,
,1460,,1465,,,,,
,1460,,1470,,,,,
,1460,,1470,,,,,
,1460,,1470,,,,,
,1460,,1470,,,,,
,1460,,1470,,,,,
,1460,,1476,,,,,
,1460,,1476,,,,,
,1460,,1479,,,,,
,1460,,1479,,,,,
,1460,,1479,,,,,
,1483,,1484,,,,,
,1483,,1484,,,,,
,1483,,1484,,,,,
,1483,,1487,,,,,
,1483,,1487,,,,,
,1483,,1489,,,,,
,1483,,1489,,,,,
,1483,,1492,,,,,
,1483,,1492,,,,,
,1483,,1495,,,,,
,1483,,1495,,,,,
,1498,,1499,,,,,
,1498,,1499,,,,,
,1498,,1499,,,,,
,1498,,1499,,,,,
,1498,,1499,,,,,
,1498,,1499,,,,,
,1498,,1505,,,,,
,1498,,1505,,,,,
,1498,,1505,,,,,
,1498,,1505,,,,,
,1498,,1505,,,,,
,1498,,1511,,,,,
,1498,,1511,,,,,
,1498,,1514,,,,,
,1498,,1514,,,,,
,1498,,1514,,,,,
,1498,,1518,,,,,
,1498,,1518,,,,,
,1498,,1518,,,,,
,1498,,1522,,,,,
,1498,,1522,,,,,
,1498,,1524,,,,,
,1498,,1524,,,,,
,1498,,1524,,,,,
,1498,,1527,,,,,
,1498,,1527,,,,,
,1498,,1527,,,,,
,1498,,1531,,,,,
,1498,,1531,,,,,
,1498,,1531,,,,,
,1498,,1531,,,,,
,1498,,1536,,,,,
,1498,,1536,,,,,
,1498,,1536,,,,,
,1498,,1536,,,,,
,1498,,1541,,,,,
,1498,,1541,,,,,
,1498,,1541,,,,,
,1498,,1541,,,,,
,1498,,1541,,,,,
,1498,,1543,,,,,
,1498,,1543,,,,,
,1498,,1546,,,,,
,1498,,1546,,,,,
,1498,,1546,,,,,
,1498,,1546,,,,,
,1498,,1551,,,,,
,1498,,1553,,,,,
,1498,,1553,,,,,
,1498,,1553,,,,,
,1498,,1553,,,,,
,1498,,1553,,,,,
,1498,,1559,,,,,
,1498,,1559,,,,,
,1498,,1559,,,,,
,1498,,1559,,,,,
,1498,,1559,,,,,
,1498,,1562,,,,,
,1498,,1562,,,,,
,1498,,1562,,,,,
,1498,,1562,,,,,
,1498,,1566,,,,,
,1498,,1566,,,,,
,1498,,1566,,,,,
,1498,,1566,,,,,
,1498,,1569,,,,,
,1498,,1569,,,,,
,1498,,1569,,,,,
,1498,,1571,,,,,
,1498,,1571,,,,,
,1498,,1571,,,,,
,1498,,1574,,,,,
,1498,,1574,,,,,
,1498,,1577,,,,,
,1498,,1577,,,,,
,1498,,1577,,,,,
,1498,,1580,,,,,
,1498,,1580,,,,,
,1498,,1580,,,,,
,1498,,1580,,,,,
,1498,,1580,,,,,
,1498,,1586,,,,,
,1498,,1586,,,,,
,1498,,1589,,,,,
,1498,,1589,,,,,
,1498,,1592,,,,,
,1498,,1592,,,,,
,1498,,1595,,,,,
,1498,,1595,,,,,
,1498,,1595,,,,,
,1498,,1598,,,,,
,1498,,1598,,,,,
,1498,,1601,,,,,
,1498,,1601,,,,,
,1498,,1601,,,,,
,1498,,1605,,,,,
,1498,,1605,,,,,
,1498,,1605,,,,,
,1498,,1605,,,,,
,1498,,1609,,,,,
,1498,,1609,,,,,
,1498,,1609,,,,,
,1498,,1613,,,,,
,1498,,1613,,,,,
,1619,,1620,,,,,
,1619,,1620,,,,,
,1619,,1620,,,,,
,1619,,1620,,,,,
,1619,,1620,,,,,
,1619,,1626,,,,,
,1619,,1626,,,,,
,1619,,1629,,,,,
,1619,,1629,,,,,
,1619,,1629,,,,,
,1619,,1629,,,,,
,1619,,1629,,,,,
,1619,,1629,,,,,
,1619,,1636,,,,,
,1619,,1636,,,,,
,1619,,1636,,,,,
,1619,,1636,,,,,
,1619,,1636,,,,,
,1619,,1636,,,,,
,1619,,1640,,,,,
,1619,,1640,,,,,
,1643,,1644,,,,,
,1643,,1644,,,,,
,1643,,1644,,,,,
,1643,,1644,,,,,
,1643,,1648,,,,,
,1643,,1648,,,,,
,1643,,1648,,,,,
,1643,,1648,,,,,
,1643,,1648,,,,,
,1643,,1648,,,,,
,1643,,1652,,,,,
,1643,,1652,,,,,
,1643,,1652,,,,,
,1643,,1652,,,,,
,1643,,1652,,,,,
,1643,,1658,,,,,
,1643,,1658,,,,,
,1643,,1658,,,,,
,1643,,1660,,,,,
,1643,,1660,,,,,
,1643,,1660,,,,,
,1662,,1663,,,,,
,1662,,1663,,,,,
,1662,,1663,,,,,
,1662,,1663,,,,,
,1662,,1663,,,,,
,1662,,1669,,,,,
,1662,,1669,,,,,
,1662,,1669,,,,,
,1662,,1672,,,,,
,1662,,1672,,,,,
,1662,,1672,,,,,
,1662,,1672,,,,,
,1662,,1676,,,,,
,1662,,1676,,,,,
,1662,,1676,,,,,
,1662,,1676,,,,,
,1662,,1676,,,,,
,1662,,1676,,,,,
,1662,,1676,,,,,
,1662,,1684,,,,,
,1662,,1684,,,,,
,1662,,1684,,,,,
,1686,,1687,,,,,
,1686,,1687,,,,,
,1686,,1689,,,,,
,1686,,1691,,,,,
,1686,,1691,,,,,
,1686,,1691,,,,,
,1686,,1691,,,,,
,1686,,1691,,,,,
,1686,,1696,,,,,
,1686,,1696,,,,,
,1686,,1696,,,,,
,1686,,1696,,,,,
,1686,,1696,,,,,
,1686,,1696,,,,,
,1686,,1700,,,,,
,1686,,1700,,,,,
,1702,,1703,,,,,
,1702,,1703,,,,,
,1702,,1703,,,,,
,1702,,1703,,,,,
,1702,,1708,,,,,
,1702,,1708,,,,,
,1702,,1711,,,,,
,1702,,1711,,,,,
,1702,,1711,,,,,
,1702,,1714,,,,,
,1702,,1714,,,,,
,1702,,1714,,,,,
,1702,,1714,,,,,
,1702,,1718,,,,,
,1702,,1718,,,,,
,1702,,1721,,,,,
,1702,,1721,,,,,
,1702,,1721,,,,,
,1702,,1724,,,,,
,1702,,1724,,,,,
,1702,,1724,,,,,
,1702,,1728,,,,,
,1702,,1728,,,,,
,1702,,1731,,,,,
,1702,,1731,,,,,
,1702,,1731,,,,,
,1702,,1731,,,,,
,1702,,1736,,,,,
,1702,,1736,,,,,
,1702,,1738,,,,,
,1702,,1738,,,,,
,1702,,1738,,,,,
,1702,,1738,,,,,
,1702,,1738,,,,,
,1702,,1738,,,,,
,1702,,1743,,,,,
,1702,,1743,,,,,
,1702,,1746,,,,,
,1702,,1746,,,,,
,1702,,1746,,,,,
,1702,,1749,,,,,
,1702,,1749,,,,,
,1702,,1749,,,,,
,1702,,1752,,,,,
,1702,,1752,,,,,
,1702,,1752,,,,,
,1702,,1752,,,,,
,1702,,1754,,,,,
,1702,,1754,,,,,
,1702,,1754,,,,,
,1702,,1754,,,,,
,1702,,1754,,,,,
,1702,,1754,,,,,
,1702,,1758,,,,,
,1702,,1758,,,,,
,1702,,1758,,,,,
,1702,,1758,,,,,
,1702,,1762,,,,,
,1702,,1762,,,,,
,1702,,1762,,,,,
,1702,,1762,,,,,
,1702,,1762,,,,,
,1702,,1762,,,,,
,1702,,1767,,,,,
,1702,,1767,,,,,
,1702,,1767,,,,,
,1702,,1771,,,,,
,1702,,1771,,,,,
,1702,,1771,,,,,
,1702,,1775,,,,,
,1702,,1775,,,,,
,1702,,1777,,,,,
,1702,,1777,,,,,
,1702,,1777,,,,,
,1702,,1777,,,,,
,1702,,1781,,,,,
,1702,,1781,,,,,
,1702,,1781,,,,,
,1702,,1781,,,,,
,1702,,1781,,,,,
,1702,,1786,,,,,
,1702,,1786,,,,,
,1702,,1786,,,,,
,1702,,1786,,,,,
,1702,,1786,,,,,
,1702,,1786,,,,,
,1702,,1791,,,,,
,1702,,1791,,,,,
,1702,,1791,,,,,
,1702,,1791,,,,,
,1702,,1795,,,,,
,1702,,1795,,,,,
,1702,,1795,,,,,
,1702,,1795,,,,,
,1702,,1795,,,,,
,1702,,1799,,,,,
,1702,,1799,,,,,
,1702,,1799,,,,,
,1702,,1799,,,,,
,1702,,1799,,,,,
,1702,,1799,,,,,
,1702,,1805,,,,,
,1702,,1805,,,,,
,1702,,1805,,,,,
,1702,,1809,,,,,
,1702,,1809,,,,,
,1702,,1809,,,,,
,1702,,1812,,,,,
,1702,,1812,,,,,
,1702,,1812,,,,,
,1702,,1812,,,,,
,1702,,1812,,,,,
,1702,,1812,,,,,
,1702,,1812,,,,,
,1702,,1812,,,,,
,1702,,1812,,,,,
,1702,,1822,,,,,
,1702,,1822,,,,,
,1702,,1822,,,,,
,1702,,1826,,,,,
,1702,,1826,,,,,
,1702,,1826,,,,,
,1702,,1826,,,,,
,1702,,1826,,,,,
,1833,,1834,,,,,
,1833,,1834,,,,,
,1833,,1834,,,,,
,1833,,1834,,,,,
,1833,,1834,,,,,
,1833,,1834,,,,,
,1833,,1834,,,,,
,1833,,1842,,,,,
,1833,,1842,,,,,
,1833,,1842,,,,,
,1833,,1842,,,,,
,1833,,1842,,,,,
,1833,,1844,,,,,
,1833,,1844,,,,,
,1833,,1844,,,,,
,1833,,1844,,,,,
,1833,,1844,,,,,
,1833,,1848,,,,,
,1833,,1848,,,,,
,1833,,1848,,,,,
,1833,,1852,,,,,
,1833,,1852,,,,,
,1833,,1852,,,,,
,1833,,1852,,,,,
,1856,,1857,,,,,
,1856,,1857,,,,,
,1856,,1857,,,,,
,1856,,1857,,,,,
,1856,,1857,,,,,
,1856,,1857,,,,,
,1856,,1857,,,,,
,1856,,1857,,,,,
,1856,,1857,,,,,
,1856,,1862,,,,,
,1856,,1862,,,,,
,1856,,1862,,,,,
,1856,,1862,,,,,
,1856,,1862,,,,,
,1856,,1867,,,,,
,1856,,1867,,,,,
,1856,,1869,,,,,
,1856,,1869,,,,,
,1856,,1869,,,,,
,1856,,1869,,,,,
,1856,,1869,,,,,
,1856,,1875,,,,,
,1856,,1875,,,,,
,1856,,1875,,,,,
,1856,,1875,,,,,
,1856,,1875,,,,,
,1879,,1880,,,,,
,1879,,1880,,,,,
,1879,,1883,,,,,
,1879,,1883,,,,,
,1879,,1883,,,,,
,1879,,1883,,,,,
,1879,,1886,,,,,
,1879,,1886,,,,,
,1879,,1886,,,,,
,1879,,1886,,,,,
,1879,,1886,,,,,
,1879,,1886,,,,,
,1879,,1890,,,,,
,1879,,1890,,,,,
,1879,,1890,,,,,
,1879,,1890,,,,,
,1879,,1893,,,,,
,1879,,1893,,,,,
,1879,,1893,,,,,
,1879,,1893,,,,,
,1879,,1893,,,,,
,1897,,1898,,,,,
,1897,,1898,,,,,
,1897,,1901,,,,,
,1897,,1901,,,,,
,1897,,1901,,,,,
,1897,,1901,,,,,
,1897,,1901,,,,,
,1897,,1907,,,,,
,1897,,1907,,,,,
,1897,,1907,,,,,
,1897,,1907,,,,,
,1897,,1907,,,,,
,1897,,1907,,,,,
,1897,,1911,,,,,
,1897,,1911,,,,,
,1897,,1911,,,,,
,1897,,1911,,,,,
,1897,,1915,,,,,
,1897,,1915,,,,,
,1897,,1915,,,,,
,1897,,1915,,,,,
,1897,,1915,,,,,
,1921,,1922,,,,,
,1921,,1922,,,,,
,1921,,1922,,,,,
,1921,,1922,,,,,
,1921,,1922,,,,,
,1921,,1922,,,,,
,1921,,1927,,,,,
,1921,,1927,,,,,
,1921,,1927,,,,,
,1921,,1927,,,,,
,1921,,1927,,,,,
,1921,,1930,,,,,
,1921,,1930,,,,,
,1921,,1930,,,,,
,1921,,1934,,,,,
,1921,,1934,,,,,
,1921,,1934,,,,,
,1921,,1934,,,,,
,1921,,1939,,,,,
,1921,,1939,,,,,
,1921,,1939,,,,,
,1921,,1939,,,,,
,1921,,1943,,,,,
,1921,,1943,,,,,
,1921,,1943,,,,,
,1921,,1943,,,,,
,1921,,1948,,,,,
,1921,,1948,,,,,
,1921,,1948,,,,,
,1921,,1948,,,,,
,1921,,1948,,,,,
,1921,,1948,,,,,
,1921,,1952,,,,,
,1921,,1952,,,,,
,1921,,1952,,,,,
,1921,,1952,,,,,
,1921,,1957,,,,,
,1921,,1957,,,,,
,1921,,1957,,,,,
,1921,,1957,,,,,
,1921,,1957,,,,,
,1921,,1960,,,,,
,1921,,1960,,,,,
,1921,,1960,,,,,
,1921,,1960,,,,,
,1921,,1960,,,,,
,1921,,1960,,,,,
,1921,,1960,,,,,
,1921,,1963,,,,,
,1921,,1963,,,,,
,1921,,1963,,,,,
,1921,,1963,,,,,
,1921,,1968,,,,,
,1921,,1968,,,,,
,1921,,1968,,,,,
,1921,,1968,,,,,
,1921,,1968,,,,,
,1921,,1968,,,,,
,1921,,1968,,,,,
,1921,,1968,,,,,
,1921,,1968,,,,,
,1921,,1968,,,,,
,1921,,1968,,,,,
,1921,,1968,,,,,
,1921,,1974,,,,,
,1921,,1974,,,,,
,1921,,1977,,,,,
,1921,,1977,,,,,
,1921,,1977,,,,,
,1921,,1977,,,,,
,1921,,1977,,,,,
,1921,,1977,,,,,
,1921,,1983,,,,,
,1921,,1983,,,,,
,1921,,1983,,,,,
,1921,,1983,,,,,
,1921,,1984,,,,,
,1921,,1984,,,,,
,1921,,1986,,,,,
,1921,,1986,,,,,
,1921,,1986,,,,,
,1921,,1986,,,,,
,1921,,1988,,,,,
,1921,,1988,,,,,
,1921,,1988,,,,,
,1921,,1988,,,,,
,1921,,1993,,,,,
,1921,,1993,,,,,
,1921,,1993,,,,,
,1921,,1993,,,,,
,1921,,1997,,,,,
,1921,,1997,,,,,
,1921,,1997,,,,,
,1921,,1997,,,,,
,1921,,1997,,,,,
,1921,,2001,,,,,
,1921,,2001,,,,,
,1921,,2001,,,,,
,1921,,2001,,,,,
,1921,,2006,,,,,
,1921,,2006,,,,,
,1921,,2006,,,,,
,1921,,2006,,,,,
,1921,,2006,,,,,
,1921,,2008,,,,,
,1921,,2008,,,,,
,1921,,2010,,,,,
,1921,,2010,,,,,
,1921,,2010,,,,,
,1921,,2010,,,,,
,1921,,2010,,,,,
,1921,,2013,,,,,
,1921,,2013,,,,,
,1921,,2016,,,,,
,1921,,2016,,,,,
,1921,,2016,,,,,
,1921,,2016,,,,,
,1921,,2016,,,,,
,1921,,2022,,,,,
,1921,,2022,,,,,
,1921,,2024,,,,,
,1921,,2024,,,,,
,1921,,2024,,,,,
,1921,,2024,,,,,
,1921,,2025,,,,,
,1921,,2025,,,,,
,1921,,2025,,,,,
,1921,,2025,,,,,
,1921,,2025,,,,,
,1921,,2025,,,,,
,1921,,2028,,,,,
,1921,,2028,,,,,
,1921,,2028,,,,,
,1921,,2031,,,,,
,1921,,2031,,,,,
,1921,,2031,,,,,
,1921,,2033,,,,,
,1921,,2033,,,,,
,1921,,2033,,,,,
,1921,,2036,,,,,
,1921,,2036,,,,,
,1921,,2036,,,,,
,1921,,2038,,,,,
,1921,,2038,,,,,
,1921,,2041,,,,,
,1921,,2041,,,,,
,1921,,2041,,,,,
,1921,,2041,,,,,
,1921,,2041,,,,,
,1921,,2041,,,,,
,1921,,2046,,,,,
,1921,,2048,,,,,
,1921,,2048,,,,,
,1921,,2048,,,,,
,1921,,2052,,,,,
,1921,,2052,,,,,
,1921,,2055,,,,,
,1921,,2055,,,,,
,1921,,2055,,,,,
,1921,,2055,,,,,
,1921,,2055,,,,,
,1921,,2060,,,,,
,1921,,2060,,,,,
,1921,,2060,,,,,
,1921,,2060,,,,,
,1921,,2065,,,,,
,1921,,2065,,,,,
,1921,,2065,,,,,
,1921,,2069,,,,,
,1921,,2069,,,,,
,1921,,2072,,,,,
,1921,,2072,,,,,
,1921,,2072,,,,,
,1921,,2074,,,,,
,1921,,2074,,,,,
,1921,,2074,,,,,
,1921,,2074,,,,,
,1921,,2074,,,,,
,1921,,2076,,,,,
,1921,,2076,,,,,
,2078,,2079,,,,,
,2078,,2079,,,,,
,2078,,2079,,,,,
,2078,,2082,,,,,
,2078,,2082,,,,,
,2078,,2082,,,,,
,2078,,2082,,,,,
,2078,,2086,,,,,
,2078,,2086,,,,,
,2078,,2086,,,,,
,2078,,2089,,,,,
,2078,,2089,,,,,
,2078,,2089,,,,,
,2078,,2089,,,,,
,2078,,2089,,,,,
,2078,,2089,,,,,
,2078,,2094,,,,,
,2078,,2094,,,,,
,2096,,2097,,,,,
,2096,,2097,,,,,
,2096,,2097,,,,,
,2096,,2097,,,,,
,2096,,2097,,,,,
,2096,,2099,,,,,
,2096,,2099,,,,,
,2096,,2099,,,,,
,2096,,2099,,,,,
,2096,,2103,,,,,
,2096,,2103,,,,,
,2096,,2103,,,,,
,2096,,2103,,,,,
,2096,,2103,,,,,
,2096,,2108,,,,,
,2096,,2108,,,,,
,2096,,2108,,,,,
,2096,,2108,,,,,
,2096,,2108,,,,,
,2096,,2111,,,,,
,2096,,2111,,,,,
,2096,,2111,,,,,
,2096,,2111,,,,,
,2096,,2111,,,,,
,2115,,2116,,,,,
,2115,,2116,,,,,
,2115,,2116,,,,,
,2115,,2116,,,,,
,2115,,2116,,,,,
,2115,,2116,,,,,
,2115,,2118,,,,,
,2115,,2118,,,,,
,2115,,2118,,,,,
,2115,,2118,,,,,
,2115,,2122,,,,,
,2115,,2122,,,,,
,2115,,2124,,,,,
,2115,,2124,,,,,
,2115,,2124,,,,,
,2115,,2124,,,,,
,2115,,2129,,,,,
,2115,,2129,,,,,
,2115,,2129,,,,,
,2115,,2129,,,,,
,2134,,2135,,,,,
,2134,,2135,,,,,
,2134,,2137,,,,,
,2134,,2139,,,,,
,2134,,2139,,,,,
,2134,,2141,,,,,
,2134,,2141,,,,,
,2134,,2143,,,,,
,2134,,2143,,,,,
,2134,,2143,,,,,
,2134,,2143,,,,,
,2146,,2147,,,,,
,2146,,2147,,,,,
,2146,,2147,,,,,
,2146,,2147,,,,,
,2146,,2147,,,,,
,2146,,2149,,,,,
,2146,,2149,,,,,
,2146,,2149,,,,,
,2146,,2152,,,,,
,2146,,2152,,,,,
,2146,,2152,,,,,
,2146,,2155,,,,,
,2146,,2155,,,,,
,2146,,2158,,,,,
,2146,,2158,,,,,
,2146,,2158,,,,,
,2146,,2158,,,,,
,2146,,2158,,,,,
,2146,,2158,,,,,
,2146,,2162,,,,,
,2146,,2162,,,,,
,2146,,2162,,,,,
,2146,,2162,,,,,
,2146,,2162,,,,,
,2146,,2162,,,,,
,2146,,2162,,,,,
,2146,,2170,,,,,
,2146,,2170,,,,,
,2146,,2170,,,,,
,2146,,2170,,,,,
,2146,,2170,,,,,
,2146,,2173,,,,,
,2146,,2173,,,,,
,2146,,2173,,,,,
,2146,,2173,,,,,
,2146,,2173,,,,,
,2146,,2173,,,,,
,2146,,2173,,,,,
,2146,,2173,,,,,
,2146,,2181,,,,,
,2146,,2181,,,,,
,2146,,2181,,,,,
,2146,,2182,,,,,
,2146,,2182,,,,,
,2146,,2184,,,,,
,2146,,2184,,,,,
,2146,,2184,,,,,
,2146,,2184,,,,,
,2146,,2188,,,,,
,2146,,2188,,,,,
,2146,,2188,,,,,
,2146,,2188,,,,,
,2146,,2188,,,,,
,2146,,2188,,,,,
,2146,,2188,,,,,
,2146,,2188,,,,,
,2146,,2195,,,,,
,2146,,2195,,,,,
,2146,,2195,,,,,
,2146,,2195,,,,,
,2146,,2195,,,,,
,2146,,2200,,,,,
,2146,,2200,,,,,
,2146,,2200,,,,,
,2146,,2202,,,,,
,2146,,2202,,,,,
,2146,,2202,,,,,
,2146,,2203,,,,,
,2146,,2203,,,,,
,2146,,2203,,,,,
,2146,,2203,,,,,
,2146,,2207,,,,,
,2146,,2207,,,,,
,2146,,2207,,,,,
,2146,,2207,,,,,
,2146,,2207,,,,,
,2146,,2213,,,,,
,2146,,2213,,,,,
,2146,,2213,,,,,
,2146,,2213,,,,,
,2146,,2213,,,,,
,2146,,2214,,,,,
,2146,,2214,,,,,
,2146,,2214,,,,,
,2146,,2214,,,,,
,2146,,2214,,,,,
,2146,,2215,,,,,
,2146,,2215,,,,,
,2146,,2218,,,,,
,2146,,2218,,,,,
,2146,,2218,,,,,
,2146,,2222,,,,,
,2146,,2222,,,,,
,2146,,2222,,,,,
,2146,,2222,,,,,
,2146,,2222,,,,,
,2146,,2228,,,,,
,2146,,2228,,,,,
,2146,,2228,,,,,
,2146,,2232,,,,,
,2146,,2232,,,,,
,2146,,2232,,,,,
,2146,,2235,,,,,
,2146,,2235,,,,,
,2146,,2235,,,,,
,2146,,2237,,,,,
,2146,,2237,,,,,
,2146,,2237,,,,,
,2146,,2241,,,,,
,2146,,2241,,,,,
,2146,,2241,,,,,
,2146,,2241,,,,,
,2146,,2245,,,,,
,2146,,2245,,,,,
,2146,,2245,,,,,
,2146,,2245,,,,,
,2146,,2250,,,,,
,2146,,2250,,,,,
,2146,,2250,,,,,
,2146,,2250,,,,,
,2146,,2250,,,,,
,2146,,2250,,,,,
,2146,,2250,,,,,
,2146,,2250,,,,,
,2146,,2254,,,,,
,2146,,2254,,,,,
,2146,,2254,,,,,
,2146,,2254,,,,,
,2146,,2254,,,,,
,2146,,2254,,,,,
,2146,,2256,,,,,
,2146,,2256,,,,,
,2146,,2258,,,,,
,2146,,2258,,,,,
,2146,,2258,,,,,
,2146,,2261,,,,,
,2146,,2261,,,,,
,2146,,2264,,,,,
,2146,,2264,,,,,
,2146,,2264,,,,,
,2146,,2264,,,,,
,2146,,2269,,,,,
,2146,,2269,,,,,
,2146,,2269,,,,,
,2146,,2269,,,,,
,2146,,2269,,,,,
,2146,,2269,,,,,
,2146,,2269,,,,,
,2146,,2269,,,,,
,2280,,2281,,,,,
,2280,,2281,,,,,
,2280,,2283,,,,,
,2280,,2283,,,,,
,2280,,2283,,,,,
,2280,,2283,,,,,
,2280,,2288,,,,,
,2280,,2288,,,,,
,2280,,2288,,,,,
,2280,,2288,,,,,
,2280,,2290,,,,,
,2280,,2290,,,,,
,2280,,2290,,,,,
,2280,,2294,,,,,
,2280,,2294,,,,,
,2280,,2294,,,,,
,2296,,2297,,,,,
,2296,,2297,,,,,
,2296,,2297,,,,,
,2296,,2299,,,,,
,2296,,2299,,,,,
,2296,,2299,,,,,
,2296,,2301,,,,,
,2296,,2301,,,,,
,2296,,2301,,,,,
,2296,,2301,,,,,
,2296,,2301,,,,,
,2296,,2304,,,,,
,2296,,2304,,,,,
,2296,,2304,,,,,
,2296,,2304,,,,,
,2296,,2304,,,,,
,2296,,2308,,,,,
,2296,,2308,,,,,
,2296,,2308,,,,,
,2296,,2308,,,,,
,2296,,2308,,,,,
,2311,,2312,,,,,
,2311,,2312,,,,,
,2311,,2312,,,,,
,2311,,2312,,,,,
,2311,,2313,,,,,
,2311,,2313,,,,,
,2311,,2313,,,,,
,2311,,2316,,,,,
,2311,,2316,,,,,
,2311,,2316,,,,,
,2311,,2316,,,,,
,2311,,2316,,,,,
,2311,,2319,,,,,
,2311,,2319,,,,,
,2311,,2319,,,,,
,2311,,2322,,,,,
,2311,,2322,,,,,
,2324,,2325,,,,,
,2324,,2325,,,,,
,2324,,2325,,,,,
,2324,,2325,,,,,
,2324,,2325,,,,,
,2324,,2325,,,,,
,2324,,2325,,,,,
,2324,,2328,,,,,
,2324,,2328,,,,,
,2324,,2328,,,,,
,2324,,2331,,,,,
,2324,,2331,,,,,
,2324,,2331,,,,,
,2324,,2334,,,,,
,2324,,2334,,,,,
,2324,,2337,,,,,
,2324,,2337,,,,,
,2340,,2341,,,,,
,2340,,2341,,,,,
,2340,,2341,,,,,
,2340,,2344,,,,,
,2340,,2344,,,,,
,2340,,2344,,,,,
,2340,,2344,,,,,
,2340,,2344,,,,,
,2340,,2350,,,,,
,2340,,2350,,,,,
,2340,,2353,,,,,
,2340,,2353,,,,,
,2340,,2353,,,,,
,2340,,2353,,,,,
,2340,,2358,,,,,
,2340,,2358,,,,,
,2340,,2361,,,,,
,2340,,2361,,,,,
,2340,,2361,,,,,
,2340,,2364,,,,,
,2340,,2364,,,,,
,2340,,2367,,,,,
,2340,,2367,,,,,
,2340,,2367,,,,,
,2340,,2367,,,,,
,2340,,2369,,,,,
,2340,,2369,,,,,
,2340,,2369,,,,,
,2340,,2371,,,,,
,2340,,2371,,,,,
,2340,,2374,,,,,
,2340,,2374,,,,,
,2340,,2374,,,,,
,2340,,2374,,,,,
,2340,,2379,,,,,
,2340,,2381,,,,,
,2340,,2381,,,,,
,2340,,2381,,,,,
,2340,,2381,,,,,
,2340,,2381,,,,,
,2340,,2386,,,,,
,2340,,2386,,,,,
,2340,,2386,,,,,
,2340,,2386,,,,,
,2340,,2386,,,,,
,2340,,2386,,,,,
,2340,,2386,,,,,
,2340,,2391,,,,,
,2340,,2391,,,,,
,2340,,2393,,,,,
,2340,,2393,,,,,
,2340,,2396,,,,,
,2340,,2396,,,,,
,2340,,2396,,,,,
,2340,,2399,,,,,
,2340,,2399,,,,,
,2340,,2399,,,,,
,2340,,2399,,,,,
,2340,,2399,,,,,
,2340,,2405,,,,,
,2340,,2405,,,,,
,2340,,2405,,,,,
,2340,,2405,,,,,
,2340,,2409,,,,,
,2340,,2409,,,,,
,2340,,2409,,,,,
,2340,,2409,,,,,
,2340,,2414,,,,,
,2340,,2414,,,,,
,2340,,2416,,,,,
,2340,,2416,,,,,
,2340,,2416,,,,,
,2340,,2416,,,,,
,2340,,2418,,,,,
,2340,,2418,,,,,
,2340,,2418,,,,,
,2340,,2418,,,,,
,2340,,2418,,,,,
,2340,,2418,,,,,
,2340,,2425,,,,,
,2340,,2425,,,,,
,2340,,2425,,,,,
,2340,,2427,,,,,
,2340,,2427,,,,,
,2340,,2427,,,,,
,2340,,2430,,,,,
,2340,,2430,,,,,
,2340,,2430,,,,,
,2340,,2430,,,,,
,2340,,2435,,,,,
,2340,,2435,,,,,
,2340,,2435,,,,,
,2340,,2435,,,,,
,2340,,2435,,,,,
,2443,,2444,,,,,
,2443,,2444,,,,,
,2443,,2446,,,,,
,2443,,2446,,,,,
,2443,,2446,,,,,
,2443,,2446,,,,,
,2443,,2446,,,,,
,2443,,2446,,,,,
,2443,,2446,,,,,
,2443,,2454,,,,,
,2443,,2454,,,,,
,2443,,2454,,,,,
,2443,,2454,,,,,
,2443,,2454,,,,,
,2443,,2456,,,,,
,2443,,2456,,,,,
,2443,,2456,,,,,
,2443,,2456,,,,,
,2443,,2456,,,,,
